model_type,use_momentum,method,init_method,lr,cv_mse,cv_r2
normal,False,sto,zero,0.01,0.0856600832919799,0.8536840095497499
normal,False,sto,zero,0.001,0.15648393265775254,0.7322323364592274
normal,False,sto,zero,0.0001,1.5061335442811739,-1.5764761093189934
normal,False,sto,xavier,0.01,0.08381602486072288,0.8564426104703058
normal,False,sto,xavier,0.001,0.15123644609562345,0.7412145266823912
normal,False,sto,xavier,0.0001,1.5211272283191744,-1.601884329946288
normal,False,mini,zero,0.01,0.10063123514969734,0.827863355641902
normal,False,mini,zero,0.001,0.9605111704480711,-0.6434082036387316
normal,False,mini,zero,0.0001,3.0763764460674907,-4.261052532193056
normal,False,mini,xavier,0.01,0.10016692626399983,0.8286743332664068
normal,False,mini,xavier,0.001,0.9466427360052169,-0.6190989899947351
normal,False,mini,xavier,0.0001,3.1823552385831686,-4.442061064971974
normal,False,batch,zero,0.01,1.2030674551120535,-1.0582414042109867
normal,False,batch,zero,0.001,4.510661910311568,-6.713203155429099
normal,False,batch,zero,0.0001,103.66393412627956,-176.2457294016017
normal,False,batch,xavier,0.01,1.2112829017429965,-1.0719386134907494
normal,False,batch,xavier,0.001,4.44746557538419,-6.606141359239878
normal,False,batch,xavier,0.0001,103.76286430933014,-176.40689689072738
normal,True,sto,zero,0.01,0.15592403561644855,0.7332073423887054
normal,True,sto,zero,0.001,1.5058415671336067,-1.5759682931718872
normal,True,sto,zero,0.0001,9.576495370786903,-15.37430295623262
normal,True,sto,xavier,0.01,0.1558968817119681,0.7332194983848243
normal,True,sto,xavier,0.001,1.528515442940406,-1.614698642679605
normal,True,sto,xavier,0.0001,9.758449005688673,-15.688959127839182
normal,True,mini,zero,0.01,0.9601589629630709,-0.6428029298235295
normal,True,mini,zero,0.001,3.07865149810462,-4.264938137880038
normal,True,mini,zero,0.0001,87.3008091991084,-148.26766959179824
normal,True,mini,xavier,0.01,0.9527559254721139,-0.6296542849560043
normal,True,mini,xavier,0.001,3.061908759139872,-4.23881239911356
normal,True,mini,xavier,0.0001,86.85595439188488,-147.46845715816505
normal,True,batch,zero,0.01,4.601207719522159,-6.868057259578339
normal,True,batch,zero,0.001,103.25337467838845,-175.54374835533602
normal,True,batch,zero,0.0001,158.34606849898776,-269.742657851852
normal,True,batch,xavier,0.01,4.5825977657986785,-6.836981558944498
normal,True,batch,xavier,0.001,104.83693581373251,-178.25334964306558
normal,True,batch,xavier,0.0001,152.82275570035895,-260.34029128069886
lasso,False,sto,zero,0.01,0.0996341964535294,0.8297873511763324
lasso,False,sto,zero,0.001,0.1754672241353262,0.6997707564525623
lasso,False,sto,zero,0.0001,1.526360207514301,-1.6110879694659026
lasso,False,sto,xavier,0.01,0.09090228827933948,0.8446246141693309
lasso,False,sto,xavier,0.001,0.1767003888091744,0.6976715142481925
lasso,False,sto,xavier,0.0001,1.510520268188275,-1.5831934374206185
lasso,False,mini,zero,0.01,0.12343957174161797,0.7889028174727405
lasso,False,mini,zero,0.001,0.981181471612406,-0.6788018420355799
lasso,False,mini,zero,0.0001,3.106296836411486,-4.312223298678535
lasso,False,mini,xavier,0.01,0.1226789544211765,0.7901820102527831
lasso,False,mini,xavier,0.001,0.9909692464257573,-0.6960800100016299
lasso,False,mini,xavier,0.0001,3.118760554084231,-4.334322214820077
lasso,False,batch,zero,0.01,1.223998373082738,-1.094078958086176
lasso,False,batch,zero,0.001,4.558335226055669,-6.794712381299448
lasso,False,batch,zero,0.0001,103.72976363655818,-176.35826685534553
lasso,False,batch,xavier,0.01,1.2206162984890045,-1.0882059587629984
lasso,False,batch,xavier,0.001,4.495096073670632,-6.688356635543054
lasso,False,batch,xavier,0.0001,103.16297233364871,-175.42173268346414
lasso,True,sto,zero,0.01,0.17418681083232004,0.7019664593599825
lasso,True,sto,zero,0.001,1.5263260639025475,-1.6110327428855877
lasso,True,sto,zero,0.0001,9.651431962923748,-15.502389774349595
lasso,True,sto,xavier,0.01,0.17603784623666704,0.6988462825552167
lasso,True,sto,xavier,0.001,1.5258696724389622,-1.6104629269091812
lasso,True,sto,xavier,0.0001,9.728524356434557,-15.632153928508542
lasso,True,mini,zero,0.01,0.9803948571035465,-0.6774535551501152
lasso,True,mini,zero,0.001,3.1082358351843893,-4.315539780832237
lasso,True,mini,zero,0.0001,87.38113518767356,-148.40498041525325
lasso,True,mini,xavier,0.01,0.9802094745025723,-0.6771920437237603
lasso,True,mini,xavier,0.001,3.1908306729303035,-4.458434769389554
lasso,True,mini,xavier,0.0001,88.47781036348299,-150.29422736930078
lasso,True,batch,zero,0.01,4.649942664781668,-6.9513830378640735
lasso,True,batch,zero,0.001,103.3195875995653,-175.65694121408865
lasso,True,batch,zero,0.0001,158.35507638061137,-269.75805741610594
lasso,True,batch,xavier,0.01,4.762492524249648,-7.144642325727243
lasso,True,batch,xavier,0.001,102.96511476075135,-174.99698890313707
lasso,True,batch,xavier,0.0001,160.31378277203194,-273.08235862452284
ridge,False,sto,zero,0.01,0.38745917885104886,0.33692063370655223
ridge,False,sto,zero,0.001,0.4142736371743194,0.291074630583216
ridge,False,sto,zero,0.0001,1.565817076431719,-1.6786345593224035
ridge,False,sto,xavier,0.01,0.38412784170568187,0.34245493939783106
ridge,False,sto,xavier,0.001,0.41497790525566974,0.2899497447787623
ridge,False,sto,xavier,0.0001,1.594619541923537,-1.7283305168400798
ridge,False,mini,zero,0.01,0.3811778614828046,0.347478108226206
ridge,False,mini,zero,0.001,1.071923936408627,-0.8340411904595406
ridge,False,mini,zero,0.0001,3.162810341708076,-4.408871972611101
ridge,False,mini,xavier,0.01,0.3729654866562162,0.36177949249284297
ridge,False,mini,xavier,0.001,1.062953724814696,-0.8188112069715846
ridge,False,mini,xavier,0.0001,3.0574151117817507,-4.2297096643597385
ridge,False,batch,zero,0.01,1.2877836550905999,-1.203214328366207
ridge,False,batch,zero,0.001,4.655721842780987,-6.961240681497327
ridge,False,batch,zero,0.0001,103.70597525891309,-176.3176124758752
ridge,False,batch,xavier,0.01,1.2894821484111996,-1.2061982199169434
ridge,False,batch,xavier,0.001,4.714701396369145,-7.063236492562496
ridge,False,batch,xavier,0.0001,105.36975891820778,-179.20012542360246
ridge,True,sto,zero,0.01,0.4107905508819652,0.29710686279355863
ridge,True,sto,zero,0.001,1.5643415041136441,-1.6761134897642986
ridge,True,sto,zero,0.0001,9.783298212692985,-15.727884802668564
ridge,True,sto,xavier,0.01,0.4082276438839507,0.30142550388083367
ridge,True,sto,xavier,0.001,1.5401911763741165,-1.6345004325548693
ridge,True,sto,xavier,0.0001,9.608427912865409,-15.42529144161827
ridge,True,mini,zero,0.01,1.0711223789880986,-0.8326679046460277
ridge,True,mini,zero,0.001,3.1652657712151826,-4.413067399315632
ridge,True,mini,zero,0.0001,87.36845131733516,-148.38333030822272
ridge,True,mini,xavier,0.01,1.0631595617830039,-0.819128081479778
ridge,True,mini,xavier,0.001,3.1505057515209587,-4.386702942975519
ridge,True,mini,xavier,0.0001,88.38059668251117,-150.106083724119
ridge,True,batch,zero,0.01,4.750997865601993,-7.124182045371399
ridge,True,batch,zero,0.001,103.2968533611932,-175.61808938387773
ridge,True,batch,zero,0.0001,158.34670136207998,-269.7437399376569
ridge,True,batch,xavier,0.01,4.821019748494024,-7.246670913974512
ridge,True,batch,xavier,0.001,102.19355032798903,-173.73978145246784
ridge,True,batch,xavier,0.0001,158.03251919233688,-269.238601440281
polynomial,False,sto,zero,0.01,inf,-inf
polynomial,False,sto,zero,0.001,1.4127795207005607e+81,-2.4131761655186304e+81
polynomial,False,sto,zero,0.0001,0.4674727361206179,0.19832014907126316
polynomial,False,sto,xavier,0.01,inf,-inf
polynomial,False,sto,xavier,0.001,2.6869340216767924e+79,-4.52010172127631e+79
polynomial,False,sto,xavier,0.0001,0.4994543536960125,0.14330928900347184
polynomial,False,mini,zero,0.01,8.267599031608205e+95,-1.4121929603172975e+96
polynomial,False,mini,zero,0.001,0.3697482143234951,0.3666258295316693
polynomial,False,mini,zero,0.0001,21.367072532593227,-35.54431445381422
polynomial,False,mini,xavier,0.01,6.877302321278772e+97,-1.1747156444087045e+98
polynomial,False,mini,xavier,0.001,0.37432794886436654,0.3585584231529659
polynomial,False,mini,xavier,0.0001,21.34063612616978,-35.50033217279717
polynomial,False,batch,zero,0.01,0.4049322473661354,0.3059805849623605
polynomial,False,batch,zero,0.001,36.767304004173916,-61.87548541124701
polynomial,False,batch,zero,0.0001,142.6599386469103,-242.92454379871083
polynomial,False,batch,xavier,0.01,0.39344038885660976,0.32619498680278275
polynomial,False,batch,xavier,0.001,36.78343865332521,-61.899081055981405
polynomial,False,batch,xavier,0.0001,142.37602520305964,-242.4373942126674
polynomial,True,sto,zero,0.01,6.689391936936254e+78,-1.1285009617665964e+79
polynomial,True,sto,zero,0.001,0.47628790758849643,0.18314591999489838
polynomial,True,sto,zero,0.0001,58.96854587091506,-99.8337687461421
polynomial,True,sto,xavier,0.01,3.5700081217441405e+86,-6.097949444587671e+86
polynomial,True,sto,xavier,0.001,0.48353933865247495,0.17100109804507624
polynomial,True,sto,xavier,0.0001,58.88850599954855,-99.69600055122078
polynomial,True,mini,zero,0.01,0.36912907668045025,0.3677196645320131
polynomial,True,mini,zero,0.001,21.37277469887543,-35.55381526310148
polynomial,True,mini,zero,0.0001,134.89535348646743,-229.6490210009961
polynomial,True,mini,xavier,0.01,0.32404192652687885,0.44476503057293176
polynomial,True,mini,xavier,0.001,21.30399520851626,-35.43630018125663
polynomial,True,mini,xavier,0.0001,134.3020951806088,-228.63455950165317
polynomial,True,batch,zero,0.01,36.618468045039755,-61.62094489279898
polynomial,True,batch,zero,0.001,142.43388226990086,-242.53802218907728
polynomial,True,batch,zero,0.0001,163.57195036200946,-278.67829525137887
polynomial,True,batch,xavier,0.01,36.815205661197744,-61.955172969785735
polynomial,True,batch,xavier,0.001,142.04071722041363,-241.8550658825848
polynomial,True,batch,xavier,0.0001,163.6251095491792,-278.7452380013128
